PC1,PC2,TSNE1,TSNE2,image
-29.388971,21.383772,-20.64527,-5.7568436,LIDC-IDRI-0001_R_1.png
-29.920765,14.222701,-21.917545,-2.6702888,LIDC-IDRI-0003_R_2.png
-19.095882,-18.81086,-14.080592,-0.74823684,LIDC-IDRI-0003_R_3.png
-30.957767,0.9388368,-20.233215,-22.007273,LIDC-IDRI-0003_R_4.png
29.47196,12.0826845,28.778706,-3.7465057,LIDC-IDRI-0004_R_1.png
39.510086,14.500841,22.5507,0.42817202,LIDC-IDRI-0005_R_1.png
-32.30049,-8.795238,-16.079752,2.62919,LIDC-IDRI-0005_R_2.png
-31.084852,-3.2707043,-14.71334,1.4307005,LIDC-IDRI-0006_R_4.png
-19.235693,14.841133,-8.763034,-16.78112,LIDC-IDRI-0007_R_1.png
14.159737,-15.933507,6.6277766,-0.96525204,LIDC-IDRI-0008_R_1.png
9.06108,-12.925539,3.0574386,-1.0027236,LIDC-IDRI-0008_R_2.png
2.4403777,-17.96685,2.6755347,12.806151,LIDC-IDRI-0010_R_3.png
6.010607,-8.012521,-0.2964105,10.055497,LIDC-IDRI-0011_R_1.png
-15.487618,-6.5412254,-14.240728,-7.551546,LIDC-IDRI-0011_R_10.png
27.242685,22.44412,33.115475,-1.3374729,LIDC-IDRI-0011_R_6.png
21.305986,-11.53865,12.6554985,-1.5606519,LIDC-IDRI-0012_R_1.png
42.941364,64.17126,35.57525,4.168201,LIDC-IDRI-0012_R_10.png
22.142263,-13.170353,15.380546,-0.7337454,LIDC-IDRI-0012_R_2.png
25.623423,2.7989407,15.079677,2.106119,LIDC-IDRI-0012_R_3.png
-13.603816,-2.0079732,-18.82156,-19.610807,LIDC-IDRI-0012_R_4.png
18.355888,-5.4144998,12.54097,-2.6177652,LIDC-IDRI-0012_R_6.png
13.652659,-14.41306,5.311095,14.4938545,LIDC-IDRI-0012_R_7.png
24.655321,-14.684028,17.693602,10.91574,LIDC-IDRI-0012_R_9.png
-40.499546,12.191554,-22.559397,-1.2986802,LIDC-IDRI-0013_R_3.png
-27.047728,5.1519504,-19.534555,-15.746576,LIDC-IDRI-0014_R_1.png
-39.642822,11.967108,-23.143644,-3.9703538,LIDC-IDRI-0015_R_1.png
-46.965843,21.571514,-29.716492,-8.581761,LIDC-IDRI-0016_R_1.png
-38.95671,-2.5138001,-15.362458,0.6391462,LIDC-IDRI-0016_R_2.png
-45.609802,9.185951,-26.291853,0.5769282,LIDC-IDRI-0016_R_6.png
30.526108,-9.273043,21.624626,9.450923,LIDC-IDRI-0017_R_1.png
-3.5700853,-14.3540535,-6.710324,2.1919725,LIDC-IDRI-0018_R_1.png
-2.6660938,-13.043559,-9.613291,8.792778,LIDC-IDRI-0018_R_2.png
-35.999176,12.1288185,-22.677639,-9.065268,LIDC-IDRI-0018_R_4.png
30.26476,-1.5520724,23.311441,4.310173,LIDC-IDRI-0020_R_2.png
15.117134,7.2696195,31.634724,-7.6826286,LIDC-IDRI-0021_R_3.png
-35.567974,19.182539,-26.047955,-4.5735245,LIDC-IDRI-0023_R_1.png
29.548632,-2.4663837,14.742736,-3.861913,LIDC-IDRI-0024_R_1.png
-18.07199,0.27484947,-19.371101,-16.832602,LIDC-IDRI-0024_R_2.png
-21.96463,-2.391652,-22.043682,1.0490942,LIDC-IDRI-0024_R_3.png
-13.217676,-9.261142,-18.673872,-18.924566,LIDC-IDRI-0027_R_1.png
-14.377729,-11.528462,-12.629836,-1.755535,LIDC-IDRI-0027_R_2.png
1.7638537,-19.524923,-4.741591,5.8943424,LIDC-IDRI-0027_R_4.png
-5.203565,-17.71964,-11.337008,0.71539897,LIDC-IDRI-0027_R_5.png
-21.730932,-10.367364,-12.732526,4.077925,LIDC-IDRI-0031_R_3.png
15.373463,-14.327775,7.187032,2.971822,LIDC-IDRI-0031_R_4.png
-46.25804,4.916682,-19.39495,0.36215508,LIDC-IDRI-0031_R_5.png
14.029879,-8.739517,9.013405,2.265134,LIDC-IDRI-0034_R_1.png
-2.4224937,-17.093279,-5.3574295,7.1450715,LIDC-IDRI-0036_R_2.png
-38.3697,10.690586,-23.750237,-4.3164845,LIDC-IDRI-0037_R_1.png
-22.6479,-19.98525,-5.7716465,-3.8887274,LIDC-IDRI-0037_R_2.png
28.122877,22.036459,30.3904,-2.4238577,LIDC-IDRI-0039_R_1.png
32.168648,14.539566,23.837515,1.3640676,LIDC-IDRI-0039_R_2.png
43.16178,60.105194,35.15691,3.9561696,LIDC-IDRI-0039_R_3.png
16.958294,-11.011249,6.3876824,14.675608,LIDC-IDRI-0039_R_5.png
16.064146,-17.66683,-4.47626,17.87631,LIDC-IDRI-0040_R_2.png
-25.650978,6.5825577,-19.594131,-10.834897,LIDC-IDRI-0041_R_1.png
9.393022,-16.960133,0.28111902,17.229662,LIDC-IDRI-0042_R_3.png
-4.8623757,-21.982115,-8.023057,6.647808,LIDC-IDRI-0042_R_4.png
21.925829,-10.649353,12.78175,5.934285,LIDC-IDRI-0042_R_9.png
-10.011362,-14.1302,-11.624203,-5.45194,LIDC-IDRI-0043_R_1.png
-24.369465,2.8907177,-17.301464,-16.227955,LIDC-IDRI-0043_R_2.png
-40.065845,11.619262,-21.755484,-5.856836,LIDC-IDRI-0043_R_3.png
24.004707,17.077833,36.652016,-6.65316,LIDC-IDRI-0044_R_2.png
-32.45113,24.02391,-23.19295,-16.161633,LIDC-IDRI-0044_R_3.png
-20.765148,-1.5820884,-19.326824,-13.863409,LIDC-IDRI-0044_R_4.png
-33.545002,4.287691,-16.588518,-0.4703187,LIDC-IDRI-0045_R_10.png
-7.2344837,-16.795801,-7.928021,13.5781555,LIDC-IDRI-0045_R_11.png
-4.8785744,-16.784883,-10.187277,-6.224262,LIDC-IDRI-0045_R_12.png
-18.50052,-11.443702,-13.784744,1.5682533,LIDC-IDRI-0045_R_5.png
27.63103,16.072897,33.15169,-3.9910924,LIDC-IDRI-0045_R_6.png
18.310005,-7.032527,11.289097,-5.567663,LIDC-IDRI-0046_R_2.png
40.16016,10.196377,17.918703,-5.3179803,LIDC-IDRI-0046_R_3.png
10.754098,-12.393906,6.7403407,-2.4400563,LIDC-IDRI-0046_R_4.png
21.443052,-9.777998,10.592014,-0.62004983,LIDC-IDRI-0046_R_5.png
14.828718,-17.187649,8.895506,3.7467923,LIDC-IDRI-0046_R_6.png
-1.1319505,-18.814404,-7.713583,6.674065,LIDC-IDRI-0046_R_7.png
-36.720943,-1.1182204,-23.543749,0.38816005,LIDC-IDRI-0047_R_1.png
-44.381527,12.76267,-19.482609,2.2069745,LIDC-IDRI-0048_R_3.png
23.361788,-5.87657,12.313843,0.2258114,LIDC-IDRI-0049_R_10.png
22.372257,-6.089874,12.179037,-0.7949626,LIDC-IDRI-0049_R_11.png
-13.390639,-18.807247,-11.643078,4.2626977,LIDC-IDRI-0049_R_6.png
-34.692226,19.234936,-25.9661,-2.3826842,LIDC-IDRI-0050_R_1.png
-8.601233,-8.614464,-13.7436,-16.780128,LIDC-IDRI-0051_R_2.png
7.4794655,-7.5693827,0.83802336,9.801779,LIDC-IDRI-0051_R_3.png
-30.740677,10.773765,-22.167643,-11.350439,LIDC-IDRI-0053_R_1.png
-4.158128,-12.809847,-11.818342,-3.206052,LIDC-IDRI-0053_R_2.png
-23.713312,12.610658,-19.959581,-11.441043,LIDC-IDRI-0054_R_1.png
-11.100109,-8.43718,-10.483109,13.597906,LIDC-IDRI-0055_R_2.png
11.214764,-13.2909775,6.2937503,15.029048,LIDC-IDRI-0056_R_1.png
37.461563,3.9557304,19.121643,-1.1674429,LIDC-IDRI-0056_R_2.png
-23.099962,-4.8331285,-15.16324,-4.810855,LIDC-IDRI-0057_R_1.png
-22.191927,18.131516,-8.563811,-13.1608095,LIDC-IDRI-0058_R_1.png
-24.058092,15.071573,-11.10852,-13.876991,LIDC-IDRI-0058_R_3.png
-18.32149,-5.4968534,-18.839897,-2.0427146,LIDC-IDRI-0059_R_1.png
-28.64238,-5.26344,-16.854176,-4.6602883,LIDC-IDRI-0060_R_1.png
-22.126959,15.545777,-19.764074,-16.998127,LIDC-IDRI-0061_R_1.png
13.124081,-12.052781,4.0712233,-0.46025854,LIDC-IDRI-0061_R_3.png
2.63907,-4.4091926,-6.2946134,-16.473677,LIDC-IDRI-0061_R_4.png
9.35041,-18.047806,0.13119884,13.095948,LIDC-IDRI-0061_R_5.png
-34.59339,32.179546,-24.214258,-15.551367,LIDC-IDRI-0061_R_6.png
-13.241706,-11.715056,-10.980995,5.5290914,LIDC-IDRI-0063_R_4.png
-38.42471,31.471392,-24.13384,-17.232264,LIDC-IDRI-0064_R_1.png
-44.133915,14.888905,-23.167757,-8.630746,LIDC-IDRI-0064_R_2.png
-26.270607,0.18726024,-13.500446,-6.497634,LIDC-IDRI-0066_R_1.png
-26.120344,9.204786,-9.587037,-12.270693,LIDC-IDRI-0066_R_2.png
18.615665,-7.9301686,12.758343,14.165222,LIDC-IDRI-0067_R_2.png
22.60131,0.03543348,13.146006,14.549211,LIDC-IDRI-0067_R_3.png
26.447615,-7.9647417,14.986662,10.711257,LIDC-IDRI-0068_R_1.png
-6.163594,-12.61474,-9.569369,0.4824309,LIDC-IDRI-0068_R_2.png
4.712926,-11.034033,1.3312138,10.993801,LIDC-IDRI-0068_R_3.png
-9.515092,-8.918925,-16.063337,-8.718049,LIDC-IDRI-0068_R_5.png
-11.531638,-1.3806016,-18.160744,-16.914534,LIDC-IDRI-0068_R_6.png
-7.189406,1.227232,-8.601599,-15.787434,LIDC-IDRI-0069_R_1.png
-25.957294,3.997709,-18.74913,-5.337632,LIDC-IDRI-0069_R_3.png
-36.328484,18.00324,-27.825436,0.99080396,LIDC-IDRI-0072_R_1.png
-30.173399,8.764987,-15.392028,-12.973103,LIDC-IDRI-0073_R_3.png
-12.759029,13.15154,-4.1227946,-20.169353,LIDC-IDRI-0074_R_1.png
-43.976524,28.215788,-24.570475,-7.50799,LIDC-IDRI-0075_R_2.png
-20.01514,-13.33864,-2.6482337,-1.045013,LIDC-IDRI-0075_R_4.png
-5.63515,-15.702782,-7.305085,4.8529644,LIDC-IDRI-0076_R_1.png
17.243977,-15.929145,7.9480042,-4.1389575,LIDC-IDRI-0076_R_2.png
-22.1174,24.441824,-23.950026,-12.34769,LIDC-IDRI-0080_R_1.png
-34.684593,16.847042,-15.933419,-11.362897,LIDC-IDRI-0080_R_2.png
-15.577671,-10.52087,-12.772498,-5.60202,LIDC-IDRI-0081_R_1.png
-14.44494,13.062868,-6.3601236,-19.2166,LIDC-IDRI-0081_R_2.png
-12.614097,17.50534,-3.755052,-20.860006,LIDC-IDRI-0082_R_1.png
29.166504,-4.0848794,19.1064,8.029543,LIDC-IDRI-0083_R_1.png
29.058939,-2.8481224,11.39407,-2.2370381,LIDC-IDRI-0084_R_2.png
26.721924,-1.0056971,17.602076,-5.2855988,LIDC-IDRI-0084_R_3.png
-18.071207,20.387732,-7.4290843,-23.087004,LIDC-IDRI-0087_R_1.png
-23.67711,-13.137985,-16.14699,4.731286,LIDC-IDRI-0088_R_1.png
12.625374,0.8163142,27.683954,-7.2382975,LIDC-IDRI-0088_R_2.png
9.397773,-15.830479,4.065262,2.5103662,LIDC-IDRI-0088_R_3.png
-32.230553,21.245363,-22.787966,-14.532223,LIDC-IDRI-0089_R_1.png
1.1864398,-15.286156,0.24110547,7.5527287,LIDC-IDRI-0090_R_1.png
27.929234,-1.3880937,14.544394,9.203091,LIDC-IDRI-0091_R_2.png
-7.3465214,-13.25863,-7.6912107,-5.6840887,LIDC-IDRI-0091_R_3.png
2.7405963,-12.931313,2.693488,7.2278132,LIDC-IDRI-0091_R_4.png
6.3409686,-3.8979728,10.29886,12.862018,LIDC-IDRI-0091_R_5.png
33.680237,22.918818,31.475233,-0.4303708,LIDC-IDRI-0092_R_1.png
53.505943,72.165276,34.15343,4.7719436,LIDC-IDRI-0092_R_4.png
-8.827582,-14.063548,-10.99297,-0.85533184,LIDC-IDRI-0093_R_2.png
-20.42733,13.510886,-14.565549,-11.762226,LIDC-IDRI-0094_R_1.png
-22.124908,24.600855,-26.528975,-15.936045,LIDC-IDRI-0095_R_1.png
-15.606582,10.646479,-6.9539294,-16.61311,LIDC-IDRI-0095_R_3.png
-39.777702,-2.7252965,-16.142153,-1.9995879,LIDC-IDRI-0096_R_1.png
0.7555814,-12.956702,6.1060433,19.271713,LIDC-IDRI-0097_R_1.png
-5.2269025,-12.397067,-4.919546,-6.3076496,LIDC-IDRI-0099_R_1.png
5.3955455,-18.805109,-1.0058364,11.904056,LIDC-IDRI-0099_R_3.png
-34.55084,5.2633085,-20.201733,-0.9649796,LIDC-IDRI-0108_R_1.png
-11.83528,0.77225745,-4.0939884,-18.174532,LIDC-IDRI-0109_R_1.png
0.11220819,-19.865152,-3.7631955,6.484569,LIDC-IDRI-0111_R_1.png
-23.358877,11.554659,-19.45261,-4.4171534,LIDC-IDRI-0111_R_2.png
-34.674458,4.76865,-23.142927,-2.3860712,LIDC-IDRI-0111_R_3.png
1.6904913,-11.0038805,-12.212901,11.362523,LIDC-IDRI-0111_R_4.png
-33.646675,9.958819,-29.418625,-8.210701,LIDC-IDRI-0112_R_1.png
0.83285445,-9.09883,-4.1499796,10.2192,LIDC-IDRI-0113_R_1.png
-7.4663687,-7.0581584,1.2883202,-8.814508,LIDC-IDRI-0114_R_1.png
-26.406416,16.113483,-9.208707,-19.775494,LIDC-IDRI-0116_R_2.png
28.414783,13.985564,28.883638,-0.28778663,LIDC-IDRI-0118_R_3.png
34.22911,18.748104,30.942057,-0.020697815,LIDC-IDRI-0118_R_4.png
23.308098,13.250962,28.623373,-1.7527057,LIDC-IDRI-0118_R_6.png
-2.3656428,16.931784,31.027433,-10.856512,LIDC-IDRI-0119_R_1.png
25.89765,2.1620448,26.915388,4.226749,LIDC-IDRI-0119_R_2.png
-47.42713,16.571413,-20.716415,6.3049736,LIDC-IDRI-0120_R_3.png
-22.293499,-8.757733,-16.647825,-7.1925616,LIDC-IDRI-0120_R_4.png
-16.979126,-1.6377989,-12.737664,-7.1632824,LIDC-IDRI-0121_R_1.png
22.499567,-6.4400187,12.842642,-1.5821382,LIDC-IDRI-0122_R_1.png
5.2788043,-14.990395,1.1451935,-2.2446196,LIDC-IDRI-0124_R_13.png
14.206309,-12.738172,5.0505314,4.78034,LIDC-IDRI-0124_R_14.png
27.750156,-11.714119,18.11717,9.028326,LIDC-IDRI-0124_R_15.png
34.587704,17.42987,20.69213,0.46795353,LIDC-IDRI-0124_R_2.png
1.0042267,-14.303999,-5.470807,5.034486,LIDC-IDRI-0124_R_6.png
12.214601,-12.590618,6.8076954,2.5065053,LIDC-IDRI-0124_R_9.png
6.700007,-11.0016575,2.1556323,2.1311388,LIDC-IDRI-0126_R_1.png
49.285122,15.648977,19.74733,-3.359008,LIDC-IDRI-0128_R_1.png
-30.173985,-3.4384916,-13.433623,-3.0133934,LIDC-IDRI-0128_R_3.png
-5.215309,-15.576468,-10.1157255,0.599591,LIDC-IDRI-0129_R_1.png
28.734373,-0.21273215,19.743462,5.962203,LIDC-IDRI-0129_R_11.png
-0.5505597,-6.6767673,-5.1672196,2.322363,LIDC-IDRI-0129_R_14.png
36.03864,-0.8430436,22.23334,4.8235874,LIDC-IDRI-0129_R_15.png
-29.553751,5.5804343,-20.553226,-18.400497,LIDC-IDRI-0129_R_2.png
-16.712788,-4.6283255,-19.759563,-18.588678,LIDC-IDRI-0129_R_4.png
22.50592,-9.303037,16.278131,10.796545,LIDC-IDRI-0129_R_7.png
19.641277,-7.386104,10.013097,-2.0526567,LIDC-IDRI-0129_R_9.png
-19.641256,8.214175,-13.334063,-20.087637,LIDC-IDRI-0130_R_1.png
23.99916,11.989085,30.70409,-3.7513046,LIDC-IDRI-0130_R_2.png
-27.31,-3.4895265,-22.103312,5.4181542,LIDC-IDRI-0131_R_2.png
-11.3262,13.495595,-3.9614806,-16.796219,LIDC-IDRI-0133_R_2.png
-4.5855455,-9.454608,-12.160696,-6.274706,LIDC-IDRI-0135_R_1.png
-6.7971773,-13.111553,-6.424391,3.0491734,LIDC-IDRI-0135_R_4.png
-27.003,15.192286,-26.37041,-6.165626,LIDC-IDRI-0137_R_2.png
-20.184145,26.993874,-25.15759,-14.471965,LIDC-IDRI-0139_R_2.png
-19.214853,-0.6865954,-15.102802,-10.957882,LIDC-IDRI-0139_R_3.png
-31.556751,13.047229,-22.662445,-20.45941,LIDC-IDRI-0140_R_1.png
-23.63556,18.141577,-25.801083,-9.185281,LIDC-IDRI-0141_R_1.png
7.146689,-16.8977,0.3889197,1.1550823,LIDC-IDRI-0141_R_4.png
8.642717,-2.1563034,1.965389,18.7759,LIDC-IDRI-0141_R_5.png
30.309147,13.648409,28.758667,-1.0465088,LIDC-IDRI-0142_R_1.png
30.298037,-7.091857,18.971891,7.325616,LIDC-IDRI-0142_R_2.png
1.5697429,-2.8070624,-3.2233024,-14.1209,LIDC-IDRI-0142_R_3.png
12.40588,7.61838,28.617682,-7.851172,LIDC-IDRI-0144_R_1.png
7.541797,9.142268,29.80468,-8.633887,LIDC-IDRI-0144_R_2.png
18.696922,11.467688,32.73913,-7.2144,LIDC-IDRI-0144_R_4.png
-33.827087,4.0463357,-29.27021,-8.024427,LIDC-IDRI-0144_R_5.png
38.111362,-4.2951674,24.089527,9.440824,LIDC-IDRI-0145_R_2.png
-18.85647,-13.810183,-12.352877,5.513224,LIDC-IDRI-0147_R_1.png
5.8367968,-14.196538,-2.334479,2.8005464,LIDC-IDRI-0147_R_3.png
-22.79599,-7.1401205,-15.569464,-3.5287912,LIDC-IDRI-0148_R_2.png
-32.602024,-2.5044992,-20.529875,1.4171692,LIDC-IDRI-0148_R_3.png
27.419014,-2.54807,23.637451,4.72256,LIDC-IDRI-0149_R_2.png
18.999731,-4.5629654,12.695203,14.166454,LIDC-IDRI-0149_R_5.png
-10.9210205,-19.420923,-9.977466,3.4119663,LIDC-IDRI-0152_R_1.png
-15.318733,0.17497459,-15.043169,-20.088673,LIDC-IDRI-0153_R_1.png
-30.859097,1.5261154,-13.965959,-4.8630767,LIDC-IDRI-0153_R_2.png
-22.416544,-19.601585,-6.325386,-4.326327,LIDC-IDRI-0158_R_4.png
-11.439855,-7.9609876,-18.91011,-14.471005,LIDC-IDRI-0159_R_2.png
25.306757,18.877857,30.315907,-3.620161,LIDC-IDRI-0160_R_1.png
-4.8276534,-3.6525698,-5.095026,-15.008256,LIDC-IDRI-0160_R_2.png
-4.3279614,-11.813638,-8.824069,-9.226415,LIDC-IDRI-0160_R_3.png
18.61384,-7.4033246,12.308974,12.749702,LIDC-IDRI-0160_R_4.png
-1.8918452,-12.829066,0.1414622,18.630646,LIDC-IDRI-0161_R_1.png
29.537941,7.949056,19.970268,1.8392379,LIDC-IDRI-0161_R_2.png
-26.991749,-7.373088,-12.774825,5.2910876,LIDC-IDRI-0162_R_2.png
-26.868452,22.204058,-18.20333,-11.195185,LIDC-IDRI-0163_R_1.png
16.188084,-6.9817257,9.723748,5.557441,LIDC-IDRI-0164_R_1.png
5.734303,-9.031209,4.8346963,12.39882,LIDC-IDRI-0164_R_11.png
14.218435,-10.176242,7.62735,15.516527,LIDC-IDRI-0164_R_2.png
-15.8255205,-9.026066,-10.53241,-9.313303,LIDC-IDRI-0164_R_3.png
14.958643,-12.554946,2.2162309,15.038518,LIDC-IDRI-0164_R_4.png
31.658283,0.18755724,17.873041,7.661836,LIDC-IDRI-0164_R_5.png
31.85559,24.88067,34.71014,-3.1508145,LIDC-IDRI-0168_R_1.png
2.458475,-21.722725,-3.9355404,8.016832,LIDC-IDRI-0168_R_2.png
-6.077127,-12.837426,-8.845684,-7.583435,LIDC-IDRI-0169_R_2.png
-24.025385,7.223762,-21.164408,-15.973161,LIDC-IDRI-0170_R_1.png
-21.752687,15.925309,-12.830023,-12.716283,LIDC-IDRI-0170_R_2.png
-26.983353,12.831051,-20.842016,-16.08646,LIDC-IDRI-0171_R_1.png
4.923117,-14.523723,-2.1891809,5.3627205,LIDC-IDRI-0171_R_2.png
6.701184,-15.090935,-1.637511,4.16156,LIDC-IDRI-0171_R_3.png
8.741005,-14.604714,4.4414315,4.428041,LIDC-IDRI-0171_R_4.png
-42.097225,22.73461,-24.559046,-20.10074,LIDC-IDRI-0172_R_1.png
-8.810275,-13.623717,-10.121617,6.681483,LIDC-IDRI-0175_R_1.png
-16.210363,-2.5621934,-10.776547,13.781972,LIDC-IDRI-0177_R_1.png
-41.239975,16.768553,-19.407955,7.0619855,LIDC-IDRI-0179_R_1.png
-9.916345,-9.341208,-14.421316,10.3762245,LIDC-IDRI-0179_R_3.png
13.718306,-8.4715,-5.667506,19.194344,LIDC-IDRI-0179_R_4.png
26.301884,31.432665,34.719902,-1.4355547,LIDC-IDRI-0179_R_9.png
-6.722531,-1.2323171,-13.399543,-18.536173,LIDC-IDRI-0181_R_1.png
5.504018,-3.1858935,-1.8335246,15.553901,LIDC-IDRI-0181_R_2.png
-18.013855,12.665425,-13.406711,-21.914076,LIDC-IDRI-0181_R_3.png
1.6171715,-12.6836195,2.2509062,13.080566,LIDC-IDRI-0181_R_4.png
-7.9305835,6.820554,-6.0918965,-14.137568,LIDC-IDRI-0181_R_8.png
-39.22844,2.9660769,-17.177341,-0.4511759,LIDC-IDRI-0182_R_3.png
10.055823,-11.634096,0.17589803,5.86906,LIDC-IDRI-0183_R_1.png
-31.817516,1.8329127,-14.587962,-7.146198,LIDC-IDRI-0183_R_2.png
10.77527,-12.299926,0.24990466,16.80045,LIDC-IDRI-0184_R_1.png
-4.1141515,-16.570465,3.9570234,18.904383,LIDC-IDRI-0185_R_1.png
-1.5745152,-17.208559,-4.221165,1.5525303,LIDC-IDRI-0185_R_4.png
15.184145,7.2622104,30.28044,-6.422989,LIDC-IDRI-0185_R_6.png
-38.968994,11.760348,-25.734253,-0.71225554,LIDC-IDRI-0186_R_5.png
-30.96831,14.922898,-21.431967,-12.110583,LIDC-IDRI-0187_R_4.png
-34.44014,19.311607,-23.434965,-16.290531,LIDC-IDRI-0188_R_4.png
6.638471,-12.666073,0.7845204,1.631513,LIDC-IDRI-0188_R_5.png
-9.565808,-11.271726,-11.436589,-8.238355,LIDC-IDRI-0188_R_6.png
-22.651077,25.267563,-20.882277,-12.951561,LIDC-IDRI-0190_R_1.png
-26.932941,22.914078,-17.299953,-8.767926,LIDC-IDRI-0190_R_2.png
-26.62202,18.081293,-15.280808,-13.391332,LIDC-IDRI-0191_R_1.png
8.725833,-6.331262,7.8159294,9.313109,LIDC-IDRI-0192_R_3.png
8.602051,-9.4062805,3.4767907,10.066854,LIDC-IDRI-0192_R_4.png
40.685745,6.7123265,21.688807,5.7331586,LIDC-IDRI-0192_R_5.png
-11.201873,-13.796305,-11.079314,2.7269835,LIDC-IDRI-0193_R_1.png
-33.351395,15.625469,-22.503395,1.7005206,LIDC-IDRI-0194_R_1.png
-48.00328,14.08075,-25.557215,-0.40099007,LIDC-IDRI-0194_R_2.png
-38.073235,-2.7542365,-16.539705,-2.9264152,LIDC-IDRI-0194_R_3.png
17.522934,7.9372044,24.901632,-1.0654231,LIDC-IDRI-0195_R_1.png
-7.8287106,-1.3795608,-12.746584,-16.85661,LIDC-IDRI-0195_R_2.png
-9.783267,0.88460517,-5.7993693,-12.396995,LIDC-IDRI-0195_R_3.png
-19.88282,9.554982,-11.879553,-16.681355,LIDC-IDRI-0195_R_4.png
-18.592125,14.91302,-12.242083,-17.828732,LIDC-IDRI-0195_R_5.png
2.4519353,-3.4377882,-5.3149776,-13.80815,LIDC-IDRI-0195_R_7.png
0.21883906,1.9588692,0.3770841,-15.049699,LIDC-IDRI-0196_R_1.png
-11.304757,8.8554125,-10.136606,-16.966644,LIDC-IDRI-0199_R_4.png
33.573505,10.819241,23.307941,1.0706335,LIDC-IDRI-0200_R_2.png
32.220707,27.813217,33.075554,-0.5280231,LIDC-IDRI-0203_R_1.png
-27.24679,10.579974,-19.04872,-9.270729,LIDC-IDRI-0203_R_2.png
-13.713294,1.1095654,-8.40765,-15.051444,LIDC-IDRI-0204_R_1.png
25.133505,-4.9263806,12.215536,1.133206,LIDC-IDRI-0206_R_1.png
-26.144438,-7.48722,-18.088915,-4.1058846,LIDC-IDRI-0206_R_2.png
36.709087,1.6664795,17.843727,7.818399,LIDC-IDRI-0206_R_4.png
-21.404186,-8.647965,-13.693095,-4.245768,LIDC-IDRI-0208_R_1.png
21.425282,-12.057058,10.586434,0.9048713,LIDC-IDRI-0208_R_2.png
-30.682516,16.322323,-27.150318,-17.928658,LIDC-IDRI-0209_R_1.png
1.2981431,-19.049389,-1.0694405,6.9329796,LIDC-IDRI-0210_R_1.png
-34.191727,15.104656,-21.923763,-5.060262,LIDC-IDRI-0211_R_1.png
22.303007,18.163258,34.88648,-6.8351593,LIDC-IDRI-0213_R_1.png
-13.477538,-14.424999,-14.270134,-2.8725793,LIDC-IDRI-0215_R_1.png
-10.41332,-15.271687,-7.1213403,1.5154161,LIDC-IDRI-0215_R_3.png
45.292706,38.616615,33.594765,2.4216962,LIDC-IDRI-0215_R_4.png
-24.714724,19.351599,-27.57197,-17.47738,LIDC-IDRI-0217_R_1.png
-11.364234,-1.7648871,-7.9650207,-15.446683,LIDC-IDRI-0217_R_2.png
-0.5216315,-2.0708199,-4.433165,-14.692499,LIDC-IDRI-0217_R_3.png
-10.808577,5.5969014,-13.225803,-21.608614,LIDC-IDRI-0219_R_1.png
-25.766855,9.717927,-23.590565,3.0231605,LIDC-IDRI-0220_R_1.png
0.11672583,-13.682918,1.8279713,10.769804,LIDC-IDRI-0220_R_2.png
-21.3258,6.774104,-19.160042,-9.90835,LIDC-IDRI-0220_R_3.png
-34.882202,15.738346,-24.778978,-5.88663,LIDC-IDRI-0221_R_1.png
-1.8576665,-10.120625,-1.5873456,15.616156,LIDC-IDRI-0222_R_1.png
-16.593655,7.6147923,-7.0615864,-13.017192,LIDC-IDRI-0223_R_1.png
-22.208347,5.0370164,-11.770255,-11.2183075,LIDC-IDRI-0223_R_3.png
16.239742,-3.7011025,10.103902,10.367731,LIDC-IDRI-0227_R_1.png
-2.2744162,-4.285526,-4.664917,-14.447074,LIDC-IDRI-0228_R_1.png
-23.599596,2.280729,-13.058393,-14.783467,LIDC-IDRI-0229_R_2.png
-0.6798901,-3.5767932,-3.1677706,-13.631153,LIDC-IDRI-0229_R_3.png
-9.03181,-5.201555,-7.3397665,-15.206161,LIDC-IDRI-0229_R_4.png
-20.017626,3.254753,-12.843269,-15.141556,LIDC-IDRI-0229_R_7.png
36.15862,-1.3248758,22.76645,9.497756,LIDC-IDRI-0230_R_1.png
-18.52557,-11.342096,-17.637701,-4.7106447,LIDC-IDRI-0234_R_1.png
-5.159382,-6.3302817,-7.382549,-11.26484,LIDC-IDRI-0235_R_2.png
-7.5715814,-15.649131,-11.96133,1.4064298,LIDC-IDRI-0236_R_1.png
-19.363506,-11.585444,-12.871375,0.88009256,LIDC-IDRI-0237_R_2.png
-28.909943,-11.305651,-15.272292,-0.33417416,LIDC-IDRI-0237_R_3.png
-32.992695,6.533525,-20.314299,10.093213,LIDC-IDRI-0240_R_1.png
-24.605064,26.302135,-11.017404,-12.256834,LIDC-IDRI-0240_R_5.png
11.354344,-11.239097,9.367773,-2.365484,LIDC-IDRI-0241_R_1.png
-14.484151,-13.366219,-13.02938,6.8084993,LIDC-IDRI-0241_R_4.png
8.189292,-19.428514,-0.95517254,3.1373832,LIDC-IDRI-0241_R_5.png
-36.177757,16.311096,-23.769314,-6.998563,LIDC-IDRI-0242_R_1.png
11.63773,-1.0296547,7.1897464,13.745067,LIDC-IDRI-0244_R_1.png
-8.048607,5.3582277,-10.015481,-17.074333,LIDC-IDRI-0244_R_3.png
22.298443,-13.857836,15.0057955,-0.6987208,LIDC-IDRI-0245_R_1.png
0.77594036,3.3094695,27.449804,-9.3150625,LIDC-IDRI-0246_R_1.png
35.436,13.833067,20.688486,3.7944279,LIDC-IDRI-0248_R_1.png
-4.588854,1.6907818,-4.0857024,-15.230818,LIDC-IDRI-0249_R_1.png
-20.040878,2.7287784,-9.397797,-15.41206,LIDC-IDRI-0249_R_2.png
-9.494236,-10.53682,-10.602027,-6.1586003,LIDC-IDRI-0250_R_1.png
-12.920009,-9.31849,-8.978822,-3.016234,LIDC-IDRI-0250_R_2.png
27.95739,4.3790355,17.16156,0.30081743,LIDC-IDRI-0251_R_1.png
-35.509235,15.160378,-20.201284,-8.441964,LIDC-IDRI-0252_R_1.png
27.240229,-11.711265,20.13301,9.693185,LIDC-IDRI-0255_R_1.png
10.780947,-17.163137,-1.3753943,3.07635,LIDC-IDRI-0255_R_2.png
37.452595,13.183746,19.914654,4.860364,LIDC-IDRI-0256_R_1.png
-15.468985,0.21738146,-8.68219,-12.084295,LIDC-IDRI-0257_R_1.png
-5.116577,-14.077296,-8.300798,0.44441012,LIDC-IDRI-0258_R_1.png
-5.8089204,-12.756792,-9.607548,3.231226,LIDC-IDRI-0258_R_2.png
2.009381,3.0776842,-2.4250424,-12.97825,LIDC-IDRI-0259_R_1.png
-31.183296,8.854905,-22.435696,-10.257287,LIDC-IDRI-0260_R_1.png
-29.902086,15.240325,-22.627298,-10.686314,LIDC-IDRI-0260_R_3.png
1.1304431,-1.1823705,10.170374,19.39056,LIDC-IDRI-0262_R_1.png
24.880846,-4.1690617,2.5636396,15.321996,LIDC-IDRI-0264_R_1.png
-37.127357,12.127068,-22.070099,-17.798252,LIDC-IDRI-0264_R_2.png
-27.210922,4.9903493,-21.475199,0.23247515,LIDC-IDRI-0265_R_1.png
-4.9570227,-12.577576,-0.9047951,0.1257269,LIDC-IDRI-0269_R_1.png
22.079662,-11.432053,8.8746605,0.15812767,LIDC-IDRI-0270_R_1.png
25.08646,-7.757755,13.623552,7.2051854,LIDC-IDRI-0272_R_1.png
16.817322,-17.454159,-5.1358776,13.343934,LIDC-IDRI-0273_R_2.png
-4.2487087,7.3620753,-4.156314,-16.065987,LIDC-IDRI-0274_R_1.png
1.0088736,-1.1494641,-2.8059976,-15.548676,LIDC-IDRI-0276_R_1.png
-19.316668,-1.936883,-16.73874,-14.989974,LIDC-IDRI-0277_R_1.png
28.956242,-4.014943,14.922204,6.4975386,LIDC-IDRI-0278_R_2.png
9.606168,10.89485,30.201462,-9.552286,LIDC-IDRI-0281_R_1.png
1.6303971,-17.111073,-5.1058583,7.9264274,LIDC-IDRI-0282_R_1.png
3.9549441,-17.681732,4.2421913,2.7637663,LIDC-IDRI-0282_R_2.png
7.280795,-16.008467,2.406568,-0.9131141,LIDC-IDRI-0283_R_1.png
20.978395,-3.4935925,13.197783,15.726007,LIDC-IDRI-0284_R_1.png
21.679316,9.94044,28.23951,-2.365325,LIDC-IDRI-0284_R_3.png
20.217522,0.33675408,15.387875,16.991245,LIDC-IDRI-0285_R_1.png
45.439606,41.362255,33.138744,2.3430188,LIDC-IDRI-0286_R_1.png
19.453033,-10.344822,9.371926,0.57051635,LIDC-IDRI-0288_R_2.png
-11.62509,23.894793,-26.429958,-14.628795,LIDC-IDRI-0289_R_2.png
14.1844635,2.0768502,13.870827,3.9202943,LIDC-IDRI-0292_R_1.png
-34.70764,19.207504,-23.837996,-10.484997,LIDC-IDRI-0294_R_2.png
-46.74459,9.425512,-20.741634,10.106498,LIDC-IDRI-0298_R_1.png
-13.722974,-7.023576,-10.676684,-21.727854,LIDC-IDRI-0298_R_3.png
-3.0656273,-14.478612,2.0706317,-3.6596208,LIDC-IDRI-0298_R_4.png
5.1561146,-17.063559,-0.6629668,1.9463782,LIDC-IDRI-0298_R_5.png
14.705061,-10.4495535,2.9405897,1.2458485,LIDC-IDRI-0298_R_6.png
-24.99056,-3.4407911,-18.413916,7.1116457,LIDC-IDRI-0298_R_7.png
6.9607263,-13.655727,3.643141,4.8879733,LIDC-IDRI-0299_R_2.png
3.8308182,-17.474539,4.494507,12.127264,LIDC-IDRI-0299_R_3.png
24.547554,1.1965874,14.69782,14.574471,LIDC-IDRI-0300_R_1.png
10.497491,-4.6401443,7.751293,16.415525,LIDC-IDRI-0300_R_2.png
-24.075706,10.337238,-14.272935,-20.915928,LIDC-IDRI-0300_R_3.png
-5.811372,-8.785384,-10.776207,-8.19774,LIDC-IDRI-0300_R_4.png
-18.259073,-11.140808,-8.470316,-4.8213286,LIDC-IDRI-0301_R_2.png
-9.039198,-8.658886,-9.099225,-7.3019295,LIDC-IDRI-0304_R_1.png
-20.303665,-0.13040619,-18.094908,12.930182,LIDC-IDRI-0305_R_8.png
15.512466,-16.196701,7.9398193,7.5354853,LIDC-IDRI-0308_R_2.png
-23.667297,-6.2587023,-14.347919,-16.300495,LIDC-IDRI-0309_R_2.png
11.985174,-11.609878,0.47563186,3.4218488,LIDC-IDRI-0311_R_2.png
4.382038,-0.26993397,10.044668,17.706219,LIDC-IDRI-0312_R_1.png
15.921856,-9.021817,7.1959443,4.421421,LIDC-IDRI-0312_R_2.png
22.731974,-13.110672,15.689956,12.643273,LIDC-IDRI-0312_R_3.png
-32.914375,33.182976,-24.216002,4.7618866,LIDC-IDRI-0313_R_1.png
-28.997305,5.6741157,-11.37006,-14.991866,LIDC-IDRI-0314_R_1.png
-18.106441,6.9145064,-11.995774,-0.49573824,LIDC-IDRI-0318_R_1.png
19.040443,-3.153641,10.039092,5.792485,LIDC-IDRI-0321_R_1.png
26.959005,14.56438,31.341066,-3.565093,LIDC-IDRI-0321_R_2.png
8.907803,3.9698033,0.12727162,-13.519923,LIDC-IDRI-0321_R_3.png
-21.726248,8.022541,-10.647685,-15.242803,LIDC-IDRI-0325_R_1.png
2.638398,-7.718817,-1.853001,-14.516819,LIDC-IDRI-0326_R_1.png
-36.048138,23.124144,-26.94345,-1.7477771,LIDC-IDRI-0332_R_1.png
-25.61818,-2.9394112,-18.386404,-7.3298125,LIDC-IDRI-0332_R_2.png
31.280388,36.804325,31.239508,4.5392632,LIDC-IDRI-0335_R_2.png
31.157978,-2.3748686,18.06501,-2.4188504,LIDC-IDRI-0335_R_3.png
17.443016,-10.827183,8.622934,0.10016782,LIDC-IDRI-0338_R_1.png
6.603044,-12.798831,3.0943704,4.718188,LIDC-IDRI-0339_R_1.png
22.588068,-3.7468886,13.443315,7.4947715,LIDC-IDRI-0341_R_2.png
28.712214,-6.610749,18.043518,5.924475,LIDC-IDRI-0341_R_4.png
-1.5722731,-13.455679,2.2106616,6.3104234,LIDC-IDRI-0341_R_6.png
-13.181226,-2.9644442,-4.119503,-11.711786,LIDC-IDRI-0344_R_2.png
15.465476,-11.744102,9.626251,13.760746,LIDC-IDRI-0345_R_1.png
3.7894883,-22.652624,3.6282485,6.808946,LIDC-IDRI-0345_R_2.png
-31.404287,21.225615,-22.100481,-18.98899,LIDC-IDRI-0348_R_2.png
2.0159235,-17.1422,-2.0155506,1.0162398,LIDC-IDRI-0352_R_2.png
31.112698,16.575666,28.768564,-0.037034545,LIDC-IDRI-0353_R_1.png
5.7721767,-13.679566,0.25870594,12.999805,LIDC-IDRI-0353_R_2.png
-30.965683,4.669144,-17.507675,9.0912075,LIDC-IDRI-0353_R_3.png
16.67022,-7.1170373,9.23788,7.371969,LIDC-IDRI-0356_R_1.png
28.830425,-4.0690017,21.510538,8.888742,LIDC-IDRI-0356_R_3.png
14.8684025,-10.077372,10.301406,8.399149,LIDC-IDRI-0356_R_4.png
4.665995,-4.5942807,-5.9579124,10.029228,LIDC-IDRI-0356_R_5.png
6.613608,-9.721556,6.6587725,18.877188,LIDC-IDRI-0358_R_8.png
-28.799402,-11.163368,-18.164312,0.80561393,LIDC-IDRI-0362_R_2.png
15.377877,0.75056756,28.06124,-5.614772,LIDC-IDRI-0363_R_1.png
48.008595,28.362804,21.126041,-3.019264,LIDC-IDRI-0371_R_1.png
2.422796,-12.288802,0.9571693,14.424693,LIDC-IDRI-0372_R_2.png
-6.8116474,-18.466244,-10.524587,0.85545784,LIDC-IDRI-0373_R_1.png
29.605986,11.571458,33.538982,-4.72208,LIDC-IDRI-0375_R_1.png
-23.553036,-8.060479,-13.587507,7.9114256,LIDC-IDRI-0375_R_2.png
1.7325536,-16.363134,-4.8577304,7.876953,LIDC-IDRI-0376_R_1.png
-31.296616,5.745875,-19.559284,-2.8290408,LIDC-IDRI-0377_R_1.png
13.659742,-14.65179,9.263589,9.214807,LIDC-IDRI-0377_R_2.png
1.8244259,-17.800695,-4.4458814,2.0092432,LIDC-IDRI-0380_R_1.png
-36.934128,-2.9275265,-17.129549,3.1203098,LIDC-IDRI-0385_R_1.png
23.505558,10.133896,32.27011,-6.177222,LIDC-IDRI-0386_R_4.png
-17.696005,-16.07098,-9.194228,4.635148,LIDC-IDRI-0388_R_2.png
1.8460398,-17.02998,1.8220923,4.886083,LIDC-IDRI-0394_R_2.png
-7.0552583,-15.940358,-1.2933849,-1.1743076,LIDC-IDRI-0394_R_4.png
-12.478263,2.0464818,0.7866664,-5.36157,LIDC-IDRI-0394_R_6.png
-25.245874,-1.5338581,-16.096493,-22.28883,LIDC-IDRI-0398_R_11.png
44.709534,15.218838,20.729338,-1.5651125,LIDC-IDRI-0398_R_2.png
13.797417,-3.8082569,10.682007,-3.5861974,LIDC-IDRI-0398_R_4.png
30.18365,-0.13191666,21.233316,5.0216117,LIDC-IDRI-0399_R_1.png
23.072504,-10.727821,15.288034,9.802928,LIDC-IDRI-0400_R_1.png
21.602669,-10.670791,13.71987,5.727573,LIDC-IDRI-0400_R_2.png
-21.774502,16.576786,-21.52177,12.229691,LIDC-IDRI-0402_R_10.png
2.060893,-14.036601,0.05799322,-0.64270973,LIDC-IDRI-0402_R_4.png
16.364056,0.6464981,12.897551,-4.903244,LIDC-IDRI-0402_R_5.png
35.67307,31.414446,36.126408,-2.2354918,LIDC-IDRI-0403_R_1.png
-7.089243,23.63138,-0.44874135,-17.269459,LIDC-IDRI-0404_R_1.png
35.077766,17.344656,21.485329,-0.11160235,LIDC-IDRI-0404_R_2.png
-10.461646,-0.36563236,-6.000956,-17.518211,LIDC-IDRI-0404_R_4.png
-0.9674565,-11.657435,-3.7310917,4.693474,LIDC-IDRI-0405_R_1.png
23.675446,-4.225763,26.346926,5.6434755,LIDC-IDRI-0405_R_2.png
10.839858,-8.873656,9.427359,11.71879,LIDC-IDRI-0406_R_3.png
39.684566,6.175402,21.08638,7.655701,LIDC-IDRI-0407_R_1.png
-19.245346,2.0631824,-15.742981,-20.014917,LIDC-IDRI-0407_R_2.png
42.791733,40.593403,33.63497,2.274939,LIDC-IDRI-0407_R_3.png
17.860682,-5.427491,10.143631,10.848922,LIDC-IDRI-0408_R_1.png
27.145424,-3.0874262,18.867775,3.7855346,LIDC-IDRI-0408_R_2.png
26.887589,24.285318,31.99776,-2.9670074,LIDC-IDRI-0409_R_1.png
-6.663959,-4.101467,-6.63898,-18.124054,LIDC-IDRI-0409_R_2.png
-6.86038,-16.814613,-3.0853426,-2.2969873,LIDC-IDRI-0411_R_3.png
28.800667,6.6763616,14.889842,-6.4015284,LIDC-IDRI-0412_R_3.png
14.037261,-2.3450508,8.354543,-1.3926712,LIDC-IDRI-0413_R_2.png
-0.65309834,-5.845469,9.814307,19.874214,LIDC-IDRI-0415_R_1.png
7.905063,-6.96478,10.70077,17.583372,LIDC-IDRI-0415_R_3.png
21.826725,-9.288769,14.780409,16.506104,LIDC-IDRI-0415_R_4.png
12.2806635,-8.545872,11.293479,14.75038,LIDC-IDRI-0415_R_6.png
-26.03363,4.357279,-9.833248,-11.10128,LIDC-IDRI-0415_R_7.png
29.021057,-9.109147,17.794544,-1.3534083,LIDC-IDRI-0416_R_1.png
14.690844,-10.121625,19.40207,13.222397,LIDC-IDRI-0416_R_2.png
29.65896,22.736805,33.33361,-2.3501995,LIDC-IDRI-0419_R_2.png
5.8328648,-13.0838,4.4589405,8.461075,LIDC-IDRI-0420_R_2.png
-32.123344,32.75893,-25.565445,-18.46176,LIDC-IDRI-0423_R_1.png
21.311825,18.669199,33.268322,-3.6937807,LIDC-IDRI-0427_R_1.png
32.22132,23.581192,32.63801,-0.41371688,LIDC-IDRI-0427_R_2.png
46.16041,53.97213,34.374435,3.935953,LIDC-IDRI-0427_R_4.png
-18.08907,-5.3468394,-16.46624,10.535613,LIDC-IDRI-0429_R_2.png
-12.592679,-10.618456,-6.1377497,-1.046739,LIDC-IDRI-0430_R_1.png
17.397093,-8.574544,10.939555,13.593069,LIDC-IDRI-0430_R_2.png
20.91731,7.9079976,27.115149,-3.305752,LIDC-IDRI-0433_R_3.png
23.72166,-11.768408,11.694549,1.0892028,LIDC-IDRI-0433_R_5.png
-15.619663,-15.984414,-6.205797,-1.4857259,LIDC-IDRI-0434_R_1.png
8.126994,-15.222631,6.6730347,2.328506,LIDC-IDRI-0434_R_2.png
10.401328,-15.272281,5.813287,5.4792233,LIDC-IDRI-0434_R_3.png
10.909835,9.860809,29.716131,-7.8925047,LIDC-IDRI-0437_R_1.png
29.255302,42.404053,35.731438,-0.09896189,LIDC-IDRI-0437_R_3.png
28.00618,14.636821,30.882765,-4.350412,LIDC-IDRI-0437_R_4.png
-2.8301046,-16.590725,-0.7315876,16.261324,LIDC-IDRI-0438_R_1.png
-23.809488,-15.674072,-6.362224,-4.670482,LIDC-IDRI-0440_R_1.png
-3.3985279,9.160524,27.522924,-10.310518,LIDC-IDRI-0440_R_2.png
17.925116,10.267193,31.257416,-6.006366,LIDC-IDRI-0443_R_1.png
-0.8647905,-10.774476,-7.962642,-7.805743,LIDC-IDRI-0445_R_2.png
-19.726624,18.985996,-3.6362774,-19.05886,LIDC-IDRI-0447_R_2.png
-3.1256738,-5.3537292,-4.14587,3.1352315,LIDC-IDRI-0448_R_1.png
4.7399178,-5.8295746,-2.9673476,2.2458212,LIDC-IDRI-0448_R_2.png
-15.68983,-8.762675,-8.5767355,2.5482829,LIDC-IDRI-0448_R_3.png
11.943237,-6.5352645,8.547602,12.338625,LIDC-IDRI-0450_R_3.png
-5.886952,-7.2412467,-6.0524626,-11.245209,LIDC-IDRI-0450_R_4.png
-7.210433,-6.9362025,-6.1265216,-9.579369,LIDC-IDRI-0450_R_6.png
8.16837,-7.9689164,6.028027,12.584534,LIDC-IDRI-0450_R_7.png
-23.160393,-4.659126,-9.903229,-10.756854,LIDC-IDRI-0450_R_8.png
-10.268783,-4.472749,-7.928575,-10.800169,LIDC-IDRI-0450_R_9.png
-15.636038,-4.4642763,-18.705027,-20.56151,LIDC-IDRI-0451_R_1.png
-18.983397,-16.65319,-12.695895,2.5598705,LIDC-IDRI-0452_R_3.png
-21.111904,-5.689561,-12.698336,-4.6730847,LIDC-IDRI-0453_R_1.png
29.005337,-4.548391,17.638948,10.477994,LIDC-IDRI-0454_R_1.png
21.617884,-12.541896,16.45975,8.654083,LIDC-IDRI-0454_R_4.png
15.440298,-14.059752,7.751847,11.108984,LIDC-IDRI-0454_R_6.png
-22.517328,16.276037,-13.184225,-11.760103,LIDC-IDRI-0454_R_7.png
26.268951,18.918343,34.79469,-5.0712223,LIDC-IDRI-0456_R_1.png
2.459068,-16.863413,-3.5909746,5.5690637,LIDC-IDRI-0456_R_2.png
41.319897,31.989365,32.62792,1.9566935,LIDC-IDRI-0456_R_3.png
8.67878,-5.5569983,10.602571,16.850765,LIDC-IDRI-0458_R_2.png
-3.9214456,1.8789117,9.291872,20.620817,LIDC-IDRI-0458_R_3.png
-20.567339,-16.508038,-13.673743,2.4294753,LIDC-IDRI-0460_R_1.png
-13.830466,-12.72526,-6.8644233,2.441213,LIDC-IDRI-0461_R_2.png
-25.944342,12.194155,-10.751546,-18.485622,LIDC-IDRI-0462_R_2.png
-13.93741,-10.958434,-9.479728,-8.8639555,LIDC-IDRI-0462_R_3.png
21.977978,17.945143,32.798332,-5.9890285,LIDC-IDRI-0463_R_2.png
-31.219328,25.090055,-26.054466,6.6202264,LIDC-IDRI-0464_R_3.png
-17.529718,33.68889,-4.5667176,-21.497719,LIDC-IDRI-0466_R_2.png
28.942474,1.3425353,19.097878,5.4958863,LIDC-IDRI-0467_R_1.png
-0.52833873,14.916716,30.141748,-10.059172,LIDC-IDRI-0469_R_1.png
-2.3832765,-13.532665,-5.6067233,2.449408,LIDC-IDRI-0469_R_3.png
-32.630295,10.970706,-24.860826,-2.5675592,LIDC-IDRI-0470_R_2.png
28.125204,1.5841252,26.734468,3.4744983,LIDC-IDRI-0473_R_1.png
-10.265252,-7.4881096,-2.518845,-9.253292,LIDC-IDRI-0476_R_1.png
-8.975573,-12.212674,-8.523656,-9.460461,LIDC-IDRI-0476_R_2.png
16.345245,-14.609433,9.8606,15.450403,LIDC-IDRI-0476_R_3.png
14.484062,-0.57151175,14.709209,18.215103,LIDC-IDRI-0476_R_4.png
-6.948924,-7.857731,-2.8838394,-9.456525,LIDC-IDRI-0476_R_5.png
31.291267,-2.4255726,19.587242,8.242164,LIDC-IDRI-0476_R_6.png
22.452784,14.528488,32.951366,-3.2168438,LIDC-IDRI-0477_R_2.png
4.3923893,-16.034851,3.26618,3.8223784,LIDC-IDRI-0479_R_2.png
-10.58165,-14.031938,-15.687042,5.2717013,LIDC-IDRI-0480_R_1.png
19.682936,-8.022378,13.643655,8.540547,LIDC-IDRI-0481_R_2.png
-36.581226,2.456571,-18.844822,3.1390283,LIDC-IDRI-0481_R_4.png
-6.1599483,-1.3281794,-6.395088,-18.569817,LIDC-IDRI-0481_R_6.png
-3.0454597,-7.977474,3.506972,19.237755,LIDC-IDRI-0481_R_7.png
23.44121,12.996127,33.49424,-5.1544576,LIDC-IDRI-0485_R_2.png
34.019867,-5.508057,22.693703,9.510286,LIDC-IDRI-0485_R_4.png
3.2276888,-16.505558,3.2061357,6.242677,LIDC-IDRI-0485_R_5.png
5.0989842,-17.328852,6.8807397,11.415379,LIDC-IDRI-0486_R_2.png
10.736797,4.7845726,26.340763,-8.555918,LIDC-IDRI-0487_R_6.png
-28.13041,1.5403581,-20.504732,-14.082567,LIDC-IDRI-0489_R_1.png
-33.23163,8.074931,-24.934645,-5.0807605,LIDC-IDRI-0489_R_3.png
-1.7160077,-18.015625,-6.274989,6.6512647,LIDC-IDRI-0489_R_4.png
6.027158,-21.045427,-7.102744,6.9913487,LIDC-IDRI-0489_R_5.png
-16.409246,0.7879682,-16.414503,-8.887987,LIDC-IDRI-0489_R_7.png
-33.857525,11.902772,-22.485727,-18.055544,LIDC-IDRI-0490_R_1.png
44.053654,19.076689,24.720749,2.9258685,LIDC-IDRI-0490_R_2.png
32.78665,29.38042,32.81817,0.30927202,LIDC-IDRI-0491_R_1.png
35.02956,25.147142,32.83422,-1.8393344,LIDC-IDRI-0491_R_4.png
34.84422,47.854694,35.13302,2.6261606,LIDC-IDRI-0491_R_8.png
-22.296265,-2.4214492,-19.58996,-18.078222,LIDC-IDRI-0491_R_9.png
23.129976,-0.11647215,13.688804,11.033321,LIDC-IDRI-0492_R_1.png
45.26011,53.000774,33.311024,4.3873506,LIDC-IDRI-0492_R_2.png
24.302343,14.413428,31.99945,-4.371824,LIDC-IDRI-0493_R_1.png
-11.914131,7.4595265,-17.842653,-12.5662565,LIDC-IDRI-0493_R_2.png
4.6937094,-13.682624,2.795266,10.083718,LIDC-IDRI-0496_R_1.png
10.325233,-6.7439537,0.81009173,17.299894,LIDC-IDRI-0496_R_2.png
32.07896,-4.0415,16.548826,1.7486463,LIDC-IDRI-0496_R_3.png
-40.57917,21.989176,-21.901617,8.52351,LIDC-IDRI-0497_R_1.png
-24.747599,-8.560535,-18.3954,2.363073,LIDC-IDRI-0500_R_1.png
21.378212,-5.478154,15.0683,8.177608,LIDC-IDRI-0501_R_1.png
3.1794508,-11.239743,3.785971,5.303693,LIDC-IDRI-0501_R_2.png
25.145916,-7.8136473,14.137042,10.787675,LIDC-IDRI-0503_R_2.png
-44.07411,15.957718,-20.926533,7.6051917,LIDC-IDRI-0507_R_1.png
-35.201584,7.600836,-20.909838,-3.674614,LIDC-IDRI-0507_R_3.png
-5.3623633,-9.765234,-0.44502363,-4.432304,LIDC-IDRI-0507_R_4.png
-31.563843,4.1469264,-21.173878,2.7908003,LIDC-IDRI-0508_R_1.png
10.473762,-6.853443,8.702123,5.283301,LIDC-IDRI-0510_R_1.png
7.244404,-13.12323,-4.042204,11.926132,LIDC-IDRI-0510_R_4.png
0.15661389,-13.011732,0.9726137,11.271576,LIDC-IDRI-0510_R_5.png
-5.6051955,-10.903191,-6.816536,8.349424,LIDC-IDRI-0510_R_6.png
-24.914927,8.442389,-15.379661,-11.7397785,LIDC-IDRI-0515_R_1.png
-33.296806,21.309471,-26.03318,-17.486605,LIDC-IDRI-0521_R_1.png
4.341444,-0.056995086,14.388409,19.144445,LIDC-IDRI-0523_R_2.png
37.55906,-3.3424397,23.58375,9.343426,LIDC-IDRI-0524_R_1.png
-21.693026,-6.7898316,-10.452654,-4.93437,LIDC-IDRI-0525_R_3.png
16.620022,-4.061596,12.361869,8.033344,LIDC-IDRI-0529_R_4.png
15.443841,14.787909,36.019592,-8.063838,LIDC-IDRI-0530_R_1.png
-4.2055135,-19.12222,-4.238946,-2.7444112,LIDC-IDRI-0530_R_2.png
19.275208,-13.9684105,10.050116,0.76000154,LIDC-IDRI-0535_R_2.png
3.3774776,-14.546021,-3.4261775,6.428115,LIDC-IDRI-0537_R_1.png
-34.430687,3.7061145,-21.197575,7.6821494,LIDC-IDRI-0539_R_1.png
37.549335,33.803898,33.99165,0.26961443,LIDC-IDRI-0542_R_3.png
15.601271,8.229296,15.497815,3.679082,LIDC-IDRI-0543_R_1.png
-19.791828,2.991276,-17.201715,-10.097688,LIDC-IDRI-0543_R_2.png
-26.007607,29.307049,-26.007435,-16.439552,LIDC-IDRI-0546_R_1.png
18.219265,-9.413073,7.987678,15.302043,LIDC-IDRI-0547_R_2.png
10.002217,-5.9627366,6.3520308,7.1545534,LIDC-IDRI-0549_R_4.png
31.783447,5.596905,17.286581,4.9246383,LIDC-IDRI-0549_R_5.png
-4.1665964,-9.821101,-5.2956176,-9.320601,LIDC-IDRI-0549_R_6.png
-5.512819,-13.701313,-6.43606,15.613781,LIDC-IDRI-0552_R_1.png
14.020191,2.0481725,12.32517,18.792614,LIDC-IDRI-0555_R_1.png
-13.019423,-10.795884,-11.905129,0.023614513,LIDC-IDRI-0556_R_1.png
-40.97801,4.781635,-16.105375,2.3158963,LIDC-IDRI-0557_R_2.png
39.331272,37.8029,34.237156,1.6011568,LIDC-IDRI-0559_R_1.png
-0.81544477,-13.139522,-10.08419,-0.5173311,LIDC-IDRI-0562_R_1.png
-13.370862,-0.79507625,-0.8784976,-10.523326,LIDC-IDRI-0562_R_2.png
4.4495873,-15.576621,4.82053,1.0112294,LIDC-IDRI-0565_R_1.png
-18.659517,-12.869639,-13.52328,6.1142683,LIDC-IDRI-0565_R_2.png
14.613055,-11.523431,8.701173,-0.92478114,LIDC-IDRI-0565_R_4.png
-33.289326,4.1739125,-20.666586,-5.341163,LIDC-IDRI-0565_R_5.png
5.9312754,-16.094357,-4.872787,12.773663,LIDC-IDRI-0566_R_1.png
21.410206,11.956713,32.51188,-5.608891,LIDC-IDRI-0568_R_2.png
21.629477,15.956335,31.653896,-5.513752,LIDC-IDRI-0568_R_3.png
5.385941,-15.629983,-3.3089437,3.5166955,LIDC-IDRI-0568_R_4.png
21.420965,-8.67835,13.209148,-1.7387184,LIDC-IDRI-0569_R_2.png
21.48193,10.439403,32.275322,-4.6170874,LIDC-IDRI-0569_R_3.png
-0.24225886,-2.0608158,-4.783448,-12.607221,LIDC-IDRI-0576_R_3.png
17.330135,-2.184082,14.325714,1.4846001,LIDC-IDRI-0578_R_1.png
-19.902235,1.5703961,-16.982285,-18.422302,LIDC-IDRI-0579_R_1.png
17.550114,-0.7339568,10.397076,-2.6961932,LIDC-IDRI-0580_R_1.png
9.239549,-16.42359,-5.5760446,12.088849,LIDC-IDRI-0582_R_2.png
9.498544,-17.978498,-3.1460886,9.644554,LIDC-IDRI-0582_R_3.png
11.619446,-17.634096,-5.928977,13.526567,LIDC-IDRI-0582_R_4.png
22.970112,-4.8059163,14.447677,12.195972,LIDC-IDRI-0582_R_6.png
-11.148129,-15.435532,-10.296985,1.8478464,LIDC-IDRI-0583_R_10.png
12.31159,-5.4549785,9.894678,-3.7904155,LIDC-IDRI-0583_R_11.png
1.2682011,-13.872789,-3.146225,2.3548808,LIDC-IDRI-0583_R_14.png
6.294209,-15.2576,-1.8472948,2.89942,LIDC-IDRI-0583_R_2.png
-18.15352,6.2317524,-20.700268,-21.120932,LIDC-IDRI-0583_R_20.png
1.7143701,-16.28161,-1.657114,0.98969495,LIDC-IDRI-0586_R_1.png
21.59412,2.0090463,14.33664,2.7734542,LIDC-IDRI-0586_R_2.png
-44.548794,-4.404421,-15.969766,3.4576404,LIDC-IDRI-0587_R_1.png
-35.221756,8.491583,-23.889582,-2.586326,LIDC-IDRI-0587_R_5.png
-1.5897312,-13.365538,-10.128439,12.590047,LIDC-IDRI-0587_R_7.png
-5.748324,-16.716318,-5.2500377,-0.6160517,LIDC-IDRI-0590_R_1.png
26.972128,5.970011,16.871664,5.36093,LIDC-IDRI-0591_R_1.png
32.295616,-3.7817822,17.955582,5.1418343,LIDC-IDRI-0592_R_1.png
12.626717,-11.153519,11.359398,15.006595,LIDC-IDRI-0594_R_1.png
21.462692,-3.0624862,15.418478,4.885837,LIDC-IDRI-0596_R_1.png
0.49413955,-13.023117,2.4447103,12.794642,LIDC-IDRI-0596_R_2.png
24.453932,-13.218346,21.352224,10.650162,LIDC-IDRI-0598_R_1.png
14.803952,3.441705,14.703391,4.35877,LIDC-IDRI-0601_R_1.png
-24.070833,-4.281015,-13.133678,-8.924032,LIDC-IDRI-0601_R_2.png
-21.76135,2.0418274,-19.585732,-12.847253,LIDC-IDRI-0601_R_4.png
36.980305,14.338092,28.782671,2.0178745,LIDC-IDRI-0602_R_2.png
27.075747,7.16598,26.807144,2.8336616,LIDC-IDRI-0602_R_4.png
24.644978,11.597868,31.801281,-4.865789,LIDC-IDRI-0604_R_2.png
-0.43392175,-17.74542,5.6312118,2.9772918,LIDC-IDRI-0604_R_3.png
0.38689095,-13.397387,-3.0009007,-2.6645632,LIDC-IDRI-0605_R_1.png
29.076866,5.352524,14.931353,-2.9199293,LIDC-IDRI-0605_R_2.png
20.300049,-11.002504,10.3499365,-0.8313405,LIDC-IDRI-0605_R_3.png
19.274158,-7.8086815,10.558699,2.1295648,LIDC-IDRI-0605_R_4.png
-27.797554,-1.0398167,-10.459942,-10.500811,LIDC-IDRI-0606_R_1.png
-9.584601,-7.8670406,-17.28086,-16.973501,LIDC-IDRI-0608_R_1.png
29.660997,24.228388,36.465508,-5.8589463,LIDC-IDRI-0608_R_2.png
-43.14609,10.996692,-26.53828,0.90537184,LIDC-IDRI-0608_R_6.png
13.644731,-9.83953,8.421021,5.2528934,LIDC-IDRI-0610_R_2.png
38.378166,22.079561,24.252438,1.0017438,LIDC-IDRI-0613_R_1.png
-25.91323,-4.3069377,-20.010218,-20.178196,LIDC-IDRI-0614_R_3.png
34.893303,12.230073,23.666595,3.3972964,LIDC-IDRI-0615_R_1.png
35.500954,24.368742,32.24522,-0.84989166,LIDC-IDRI-0615_R_2.png
-16.033527,4.298628,-18.23178,-13.499417,LIDC-IDRI-0617_R_2.png
-19.43191,-7.8921633,-10.762532,5.3710184,LIDC-IDRI-0617_R_3.png
-5.347542,11.701851,-0.7496096,-16.99599,LIDC-IDRI-0619_R_1.png
-9.479131,21.347263,-2.4673572,-19.079454,LIDC-IDRI-0619_R_2.png
-2.1644306,-8.297524,2.522663,-10.115573,LIDC-IDRI-0620_R_1.png
9.687917,-13.274547,5.0448008,1.4075696,LIDC-IDRI-0620_R_2.png
-22.131884,11.762127,-14.373345,-9.572554,LIDC-IDRI-0624_R_4.png
-18.054232,-6.97102,-19.589714,-18.855915,LIDC-IDRI-0625_R_1.png
34.36626,10.608277,26.3376,1.4540564,LIDC-IDRI-0628_R_4.png
29.414793,-3.8643494,17.126886,8.705563,LIDC-IDRI-0631_R_1.png
2.721938,-11.106789,-2.69142,6.079624,LIDC-IDRI-0633_R_1.png
-28.509066,-7.66737,-16.653107,5.914063,LIDC-IDRI-0634_R_2.png
38.51828,16.09811,20.945572,-0.20658909,LIDC-IDRI-0636_R_3.png
30.138117,-0.4521847,16.110176,2.0951269,LIDC-IDRI-0636_R_4.png
-34.214928,8.043938,-19.413445,5.295567,LIDC-IDRI-0636_R_5.png
21.64966,-4.0185947,11.772432,9.023614,LIDC-IDRI-0637_R_1.png
32.320606,-2.8028886,18.781145,10.832899,LIDC-IDRI-0637_R_2.png
22.446566,-3.2495644,13.727367,9.1304035,LIDC-IDRI-0637_R_6.png
0.8609013,-14.988758,3.7613637,-1.5927159,LIDC-IDRI-0639_R_1.png
9.741334,-7.9809413,2.2371552,1.9603661,LIDC-IDRI-0641_R_2.png
0.76954544,14.081627,28.0361,-10.444666,LIDC-IDRI-0641_R_4.png
27.005484,25.214006,34.251163,-2.9612896,LIDC-IDRI-0641_R_5.png
15.244083,-11.794338,7.0004644,-3.3633637,LIDC-IDRI-0641_R_6.png
29.171146,1.4886761,18.237263,1.0968695,LIDC-IDRI-0641_R_7.png
31.984049,10.456644,25.43189,2.1051486,LIDC-IDRI-0644_R_1.png
-16.248877,-5.7378483,-6.9571433,-9.256763,LIDC-IDRI-0645_R_1.png
1.0447836,12.615508,32.454952,-9.3296175,LIDC-IDRI-0648_R_3.png
26.593548,14.031146,28.086985,0.34875685,LIDC-IDRI-0649_R_1.png
37.72972,36.275246,32.84754,3.199684,LIDC-IDRI-0649_R_2.png
36.59864,22.002447,29.517275,1.7361687,LIDC-IDRI-0649_R_3.png
32.58636,27.13119,29.847973,2.6523051,LIDC-IDRI-0649_R_4.png
46.3511,45.06131,33.84644,3.0611002,LIDC-IDRI-0649_R_6.png
22.502707,8.974396,31.899723,-3.9184685,LIDC-IDRI-0649_R_7.png
29.559584,17.12672,29.698757,0.3297852,LIDC-IDRI-0649_R_8.png
-23.359255,4.3487153,-20.790546,-19.734032,LIDC-IDRI-0651_R_1.png
-17.765804,20.703701,-15.6228485,-17.963436,LIDC-IDRI-0651_R_3.png
20.293058,-14.665263,4.3994703,14.563533,LIDC-IDRI-0655_R_2.png
-2.3713827,-13.190686,-5.3467407,8.925813,LIDC-IDRI-0655_R_5.png
-36.49248,12.091806,-22.857155,-1.5668309,LIDC-IDRI-0655_R_6.png
7.3240843,-17.026552,3.8732197,17.04783,LIDC-IDRI-0655_R_8.png
1.8745005,-14.594364,2.2192602,-1.0640568,LIDC-IDRI-0656_R_1.png
-13.747022,-15.139194,-11.756407,-4.7489986,LIDC-IDRI-0656_R_2.png
12.229377,-18.116472,-1.2004309,11.968276,LIDC-IDRI-0659_R_4.png
-34.679092,8.739768,-17.922716,7.200634,LIDC-IDRI-0660_R_4.png
-18.41966,-1.6840786,-19.427979,9.131561,LIDC-IDRI-0660_R_5.png
12.229405,-8.736373,8.803228,11.398901,LIDC-IDRI-0661_R_2.png
33.177692,-1.7999415,16.293522,-2.5613008,LIDC-IDRI-0661_R_4.png
-12.054487,-9.970189,-16.633762,8.378289,LIDC-IDRI-0663_R_2.png
-5.3800097,-10.590747,-4.1043124,-0.31434846,LIDC-IDRI-0663_R_3.png
-8.648187,-10.231252,-3.7805858,-9.97886,LIDC-IDRI-0671_R_3.png
-28.831373,18.09398,-27.205858,-18.085936,LIDC-IDRI-0671_R_4.png
24.153412,-7.9083295,15.5209465,14.478622,LIDC-IDRI-0671_R_6.png
12.108134,-14.622891,5.795496,10.9440155,LIDC-IDRI-0671_R_7.png
-3.6171174,-11.3026705,-3.1143208,-3.614266,LIDC-IDRI-0673_R_1.png
-17.357946,-14.079097,-14.521732,0.33294985,LIDC-IDRI-0673_R_2.png
-10.164162,-6.046611,-0.2845592,19.066639,LIDC-IDRI-0674_R_4.png
16.961449,7.6530123,31.951437,-6.9945717,LIDC-IDRI-0674_R_5.png
6.373284,0.33468837,-2.9475038,1.9453386,LIDC-IDRI-0676_R_1.png
-26.907875,0.8696592,-15.978179,10.679523,LIDC-IDRI-0678_R_1.png
28.908092,9.356709,18.374458,2.6606925,LIDC-IDRI-0684_R_1.png
-45.38273,20.791021,-21.129519,8.632988,LIDC-IDRI-0686_R_12.png
9.743659,-7.8658557,6.354666,-3.8788605,LIDC-IDRI-0686_R_15.png
-14.36876,-10.833735,-0.87464875,-2.4983065,LIDC-IDRI-0686_R_16.png
-14.759329,-3.545751,-19.135742,10.33176,LIDC-IDRI-0686_R_17.png
-0.6933474,-12.672977,0.57371217,0.3901999,LIDC-IDRI-0686_R_4.png
-19.94037,-10.339737,-18.930353,9.76826,LIDC-IDRI-0686_R_5.png
3.0502365,-12.1829405,2.4506743,-2.4679005,LIDC-IDRI-0686_R_6.png
-12.024913,-13.963199,-8.578082,-0.8650737,LIDC-IDRI-0686_R_8.png
-11.999373,-12.850943,-0.9668362,-2.726241,LIDC-IDRI-0686_R_9.png
-22.597116,21.140753,-21.282337,-7.749295,LIDC-IDRI-0688_R_3.png
18.481197,-6.734725,-4.7461257,13.815711,LIDC-IDRI-0692_R_1.png
-1.4071761,-16.9781,-4.833561,0.32652047,LIDC-IDRI-0694_R_1.png
17.374138,-6.6932793,10.504236,2.3614016,LIDC-IDRI-0696_R_1.png
-7.8817277,30.686186,-3.1705122,-20.697607,LIDC-IDRI-0697_R_1.png
-13.319328,-7.09315,-3.0496743,-6.9590364,LIDC-IDRI-0698_R_1.png
-35.823864,3.6216435,-23.53094,0.25469774,LIDC-IDRI-0698_R_2.png
10.028603,-2.035291,11.081188,17.62655,LIDC-IDRI-0699_R_1.png
11.707861,-15.896431,5.9684353,10.657059,LIDC-IDRI-0700_R_1.png
-11.557482,32.027397,-7.2092304,-23.224949,LIDC-IDRI-0701_R_4.png
-39.98788,24.46863,-24.99349,1.4993556,LIDC-IDRI-0702_R_5.png
29.94788,17.459286,34.670406,-5.8098426,LIDC-IDRI-0704_R_1.png
-28.560656,13.254855,-23.448292,-19.800344,LIDC-IDRI-0705_R_1.png
-25.104252,1.5930656,-11.651976,14.010769,LIDC-IDRI-0705_R_2.png
2.6896927,-10.175672,-2.0800517,4.2173085,LIDC-IDRI-0705_R_3.png
-40.01429,9.154327,-23.968946,-3.302439,LIDC-IDRI-0708_R_1.png
24.01235,7.1065135,34.569958,-5.7846,LIDC-IDRI-0708_R_2.png
6.8870106,-7.449572,-1.833675,7.9350863,LIDC-IDRI-0712_R_1.png
31.3041,6.25129,21.38257,1.4907293,LIDC-IDRI-0712_R_2.png
-23.588833,17.387672,-14.380838,-13.5775385,LIDC-IDRI-0715_R_1.png
12.435297,19.660822,34.12513,-9.0556135,LIDC-IDRI-0717_R_1.png
-16.196295,4.88731,-14.328862,-8.159264,LIDC-IDRI-0720_R_1.png
17.75837,-9.002771,9.633943,9.562901,LIDC-IDRI-0720_R_3.png
14.550942,10.674966,29.024942,-6.7096033,LIDC-IDRI-0722_R_1.png
-13.66041,-16.434687,-8.81261,-4.894666,LIDC-IDRI-0722_R_2.png
-6.249363,-11.0678625,-8.346717,-7.0310254,LIDC-IDRI-0722_R_3.png
3.6450799,-11.749758,2.8659399,10.162516,LIDC-IDRI-0723_R_1.png
25.416212,18.536438,35.95693,-7.2467303,LIDC-IDRI-0726_R_2.png
29.59829,-6.725123,17.473423,-0.8663551,LIDC-IDRI-0727_R_1.png
-6.855714,-18.107248,-7.531732,1.4858818,LIDC-IDRI-0728_R_1.png
32.930363,7.4498463,16.832449,14.351664,LIDC-IDRI-0729_R_1.png
-2.7986507,-11.454793,-0.03567206,-1.1394223,LIDC-IDRI-0730_R_1.png
-25.126163,-0.24497932,-17.953,-5.440316,LIDC-IDRI-0732_R_2.png
13.06001,-16.38329,-3.1194365,7.8368025,LIDC-IDRI-0733_R_1.png
17.995905,-6.5561237,10.485331,10.043596,LIDC-IDRI-0733_R_6.png
-6.2902036,-15.193362,-7.3515344,11.324108,LIDC-IDRI-0734_R_1.png
-25.494276,-7.694044,-18.412884,1.750642,LIDC-IDRI-0740_R_1.png
14.41549,-9.815958,10.824697,11.796815,LIDC-IDRI-0742_R_10.png
19.124035,-0.9558881,12.903436,11.479717,LIDC-IDRI-0742_R_12.png
26.873465,6.1501627,21.162685,1.6957481,LIDC-IDRI-0742_R_6.png
-22.129356,-9.765656,-13.7489,-1.722022,LIDC-IDRI-0744_R_1.png
13.237637,-10.7963,5.7240696,-1.0433534,LIDC-IDRI-0748_R_3.png
20.372303,-0.340627,10.952922,-4.0129247,LIDC-IDRI-0748_R_6.png
17.592205,8.802952,14.073978,-6.127154,LIDC-IDRI-0748_R_7.png
1.6519799,-18.211376,-1.2652208,12.477837,LIDC-IDRI-0752_R_1.png
-23.295446,9.038301,-21.299244,3.5859644,LIDC-IDRI-0756_R_1.png
-1.6080586,-15.439088,3.3339674,8.408012,LIDC-IDRI-0759_R_2.png
3.4987466,-11.048331,2.139659,3.3735158,LIDC-IDRI-0759_R_5.png
11.3106575,-6.207189,1.5508262,18.288656,LIDC-IDRI-0761_R_1.png
-1.1087703,-10.92458,-0.7516459,13.60744,LIDC-IDRI-0761_R_3.png
6.1970725,-15.7318325,5.390623,9.200549,LIDC-IDRI-0762_R_5.png
17.143295,14.523907,33.5166,-8.324778,LIDC-IDRI-0766_R_1.png
9.343323,-8.931958,-1.2723027,8.866161,LIDC-IDRI-0768_R_1.png
16.930122,-16.03282,6.1124916,14.609522,LIDC-IDRI-0770_R_10.png
-20.956818,-10.739892,-7.4189754,-0.5526439,LIDC-IDRI-0770_R_3.png
21.07583,-12.328823,20.625906,10.540511,LIDC-IDRI-0770_R_4.png
-2.4178367,-17.105211,4.1485357,17.332176,LIDC-IDRI-0770_R_5.png
-8.572866,-19.134037,-10.885589,-2.3199008,LIDC-IDRI-0770_R_8.png
-13.513772,-10.295601,-11.633755,6.542123,LIDC-IDRI-0771_R_1.png
-27.140108,15.836308,-16.412466,-12.250869,LIDC-IDRI-0772_R_1.png
-33.620045,15.508987,-20.591232,-9.63446,LIDC-IDRI-0772_R_2.png
37.49228,-0.22750317,23.151484,7.379793,LIDC-IDRI-0775_R_1.png
0.06449234,-13.719497,-6.0761957,11.903503,LIDC-IDRI-0775_R_10.png
-27.877354,22.863922,-24.664154,-15.840226,LIDC-IDRI-0775_R_2.png
-25.948223,-6.266281,-18.472115,-21.609196,LIDC-IDRI-0775_R_4.png
-29.494495,-1.2091362,-14.788846,-1.9882579,LIDC-IDRI-0775_R_7.png
-9.944025,-1.7730569,-7.2181687,-18.235712,LIDC-IDRI-0776_R_1.png
-36.46224,19.67646,-22.625687,-17.818228,LIDC-IDRI-0776_R_3.png
18.761934,-4.0528984,10.99555,8.092533,LIDC-IDRI-0777_R_2.png
-4.8555613,-12.114299,-2.4423566,-0.087530844,LIDC-IDRI-0777_R_4.png
-8.757205,-15.573196,-4.7264075,-1.5347843,LIDC-IDRI-0777_R_6.png
47.598373,11.892368,20.367363,-2.9636629,LIDC-IDRI-0779_R_1.png
7.7299056,-2.481364,-0.33538848,-13.854831,LIDC-IDRI-0785_R_1.png
22.368294,-10.743177,14.239149,12.176739,LIDC-IDRI-0785_R_2.png
-24.031118,31.365213,-25.519932,4.3216605,LIDC-IDRI-0785_R_5.png
2.4816449,-2.643704,13.942423,19.918207,LIDC-IDRI-0785_R_7.png
23.278465,2.1191714,12.404681,10.282361,LIDC-IDRI-0785_R_9.png
-12.219002,-17.95221,-11.785286,5.5995603,LIDC-IDRI-0788_R_1.png
-34.7022,4.337839,-17.96804,4.5458245,LIDC-IDRI-0788_R_4.png
-10.255136,-13.331058,-5.187102,0.70017,LIDC-IDRI-0789_R_1.png
-19.388014,38.487823,32.797104,-11.754003,LIDC-IDRI-0791_R_1.png
4.8224893,-12.080225,4.624191,16.898048,LIDC-IDRI-0794_R_1.png
28.306095,0.03885232,19.622917,3.340001,LIDC-IDRI-0794_R_2.png
-20.337383,-11.453003,-14.157545,1.2832499,LIDC-IDRI-0795_R_1.png
-30.175507,35.598576,-3.2816617,-22.113226,LIDC-IDRI-0796_R_1.png
18.95956,-6.44466,10.224726,4.8149,LIDC-IDRI-0797_R_1.png
-1.7199652,-7.686553,4.8913164,6.4168835,LIDC-IDRI-0799_R_1.png
-0.08851259,10.066397,26.645233,-11.216381,LIDC-IDRI-0800_R_2.png
23.937466,22.50727,36.441944,-6.578375,LIDC-IDRI-0801_R_2.png
-18.791473,-1.8335351,-19.11246,11.462594,LIDC-IDRI-0805_R_1.png
-7.7913256,-7.956316,-19.068506,10.588614,LIDC-IDRI-0805_R_2.png
-21.329264,15.075435,-18.679226,-16.375956,LIDC-IDRI-0807_R_4.png
14.049755,-5.8546696,11.910559,4.9572496,LIDC-IDRI-0809_R_1.png
8.619441,-1.7854084,-0.36242634,4.4973288,LIDC-IDRI-0810_R_2.png
-12.252425,-10.065048,-12.349221,-8.499332,LIDC-IDRI-0810_R_3.png
-21.619999,14.933002,-28.465633,-3.060095,LIDC-IDRI-0811_R_1.png
-4.6071267,-9.390929,-7.1553345,-6.801177,LIDC-IDRI-0813_R_2.png
16.40904,-1.9821717,12.662624,9.290344,LIDC-IDRI-0814_R_1.png
27.116499,2.7074983,17.149408,2.9511764,LIDC-IDRI-0816_R_1.png
34.68044,24.328144,31.65322,1.3702253,LIDC-IDRI-0819_R_2.png
-39.0632,30.35103,-22.115696,-6.827977,LIDC-IDRI-0819_R_3.png
3.9420223,-15.553054,0.8425897,1.0097531,LIDC-IDRI-0820_R_4.png
-13.996952,-7.252745,-10.562708,-3.3938491,LIDC-IDRI-0821_R_2.png
16.027355,-11.3258915,11.490782,10.925643,LIDC-IDRI-0822_R_1.png
37.618256,-9.068823,16.286327,-3.442324,LIDC-IDRI-0822_R_4.png
17.016665,0.0047186776,28.158411,-7.4974637,LIDC-IDRI-0822_R_6.png
31.806883,23.414095,36.275303,-5.0595493,LIDC-IDRI-0822_R_7.png
40.63142,-3.106497,22.294117,7.620192,LIDC-IDRI-0827_R_2.png
13.552303,3.293022,13.803849,2.503714,LIDC-IDRI-0827_R_3.png
-7.9144893,-15.956805,-6.0394034,-2.863669,LIDC-IDRI-0827_R_4.png
13.147399,-8.87255,14.120238,16.697252,LIDC-IDRI-0828_R_1.png
-19.366049,3.8864644,-8.8960905,-11.046725,LIDC-IDRI-0829_R_1.png
3.4737592,-14.5371275,0.4711148,2.415034,LIDC-IDRI-0832_R_2.png
32.64503,23.219446,31.137499,4.3308535,LIDC-IDRI-0834_R_3.png
10.488277,-7.0376487,12.0892105,6.664126,LIDC-IDRI-0835_R_1.png
10.704232,10.381066,29.60809,-8.166098,LIDC-IDRI-0835_R_2.png
6.885763,-16.671124,-3.9156313,9.55262,LIDC-IDRI-0836_R_1.png
-45.816696,17.073889,-18.852503,3.8643942,LIDC-IDRI-0837_R_3.png
-28.028906,6.488553,-23.425365,-19.774479,LIDC-IDRI-0838_R_1.png
16.55409,-6.3326554,12.400992,5.880949,LIDC-IDRI-0838_R_2.png
32.84887,34.229607,31.574175,5.148829,LIDC-IDRI-0838_R_3.png
39.238018,57.23439,36.19119,-0.26096562,LIDC-IDRI-0843_R_2.png
6.7812953,-11.547476,5.136711,16.110077,LIDC-IDRI-0843_R_3.png
28.817934,28.913578,36.220882,-3.7481346,LIDC-IDRI-0843_R_4.png
14.718816,-7.715502,10.235902,14.283083,LIDC-IDRI-0843_R_5.png
16.61813,10.391708,32.79056,-7.674739,LIDC-IDRI-0843_R_6.png
0.094120435,-18.054934,-2.3911273,1.2161328,LIDC-IDRI-0844_R_3.png
26.737883,-3.0992746,15.765331,0.82000303,LIDC-IDRI-0846_R_1.png
18.640284,-6.4068108,12.279551,16.603775,LIDC-IDRI-0848_R_1.png
7.4402266,-12.688999,-0.5562602,6.1433816,LIDC-IDRI-0849_R_2.png
-31.376741,15.98998,-23.439627,6.890859,LIDC-IDRI-0850_R_1.png
30.894325,8.645483,19.413101,0.47736436,LIDC-IDRI-0851_R_1.png
6.910799,-14.821698,4.228481,4.5860047,LIDC-IDRI-0851_R_3.png
-14.358792,-7.848915,-20.300781,3.5918868,LIDC-IDRI-0852_R_1.png
-13.8829,-7.7223053,-9.869061,-7.484439,LIDC-IDRI-0852_R_2.png
-16.06024,-15.26043,-11.121661,2.4566393,LIDC-IDRI-0854_R_3.png
33.30678,15.264917,23.07003,2.4703658,LIDC-IDRI-0854_R_4.png
19.251719,-7.951258,14.627694,6.408532,LIDC-IDRI-0857_R_1.png
-4.512617,-5.7358894,-6.2685366,-11.84497,LIDC-IDRI-0858_R_11.png
20.245226,-5.2999043,11.600322,-1.1437923,LIDC-IDRI-0858_R_13.png
-3.5067468,-11.647259,-2.759345,12.048088,LIDC-IDRI-0858_R_2.png
18.519278,9.589801,30.19646,-7.5877404,LIDC-IDRI-0858_R_3.png
-6.548048,-19.431475,-4.3548822,1.303834,LIDC-IDRI-0858_R_5.png
4.2599096,-17.698072,-7.640164,9.567696,LIDC-IDRI-0858_R_7.png
23.585432,-2.8793852,16.290428,-0.8147258,LIDC-IDRI-0858_R_9.png
6.577238,-10.1747875,4.327547,10.899554,LIDC-IDRI-0859_R_1.png
21.490252,18.325949,34.73885,-7.7763753,LIDC-IDRI-0860_R_1.png
-12.414657,-12.319235,-12.207943,-2.853939,LIDC-IDRI-0860_R_2.png
-16.274166,13.520049,2.5957794,-10.121015,LIDC-IDRI-0865_R_1.png
6.5997114,-3.3848798,7.6271696,9.267608,LIDC-IDRI-0866_R_1.png
16.219606,-6.1057014,16.735432,16.357237,LIDC-IDRI-0866_R_2.png
17.682821,1.699814,14.997854,17.905235,LIDC-IDRI-0866_R_3.png
13.750649,-9.145799,11.140603,13.688652,LIDC-IDRI-0866_R_9.png
28.647781,20.216118,29.287142,-0.653984,LIDC-IDRI-0867_R_1.png
35.661,13.000764,20.54463,-0.36405304,LIDC-IDRI-0868_R_1.png
-33.218994,37.385044,-25.122759,-18.362217,LIDC-IDRI-0869_R_2.png
-17.561356,-12.504745,-13.6778965,4.277474,LIDC-IDRI-0870_R_11.png
4.8667254,-18.305206,-6.7350993,13.473982,LIDC-IDRI-0870_R_3.png
-4.1766224,-11.925757,-8.514404,2.434984,LIDC-IDRI-0870_R_4.png
2.6724653,-6.361243,-3.8338401,3.7175412,LIDC-IDRI-0870_R_7.png
9.047326,-9.887454,2.1551616,0.58051354,LIDC-IDRI-0870_R_8.png
9.079334,-17.229,3.3182852,0.5841723,LIDC-IDRI-0870_R_9.png
30.073568,-5.094878,16.733446,7.2537203,LIDC-IDRI-0871_R_4.png
8.621098,-4.37761,8.939308,12.113801,LIDC-IDRI-0871_R_7.png
-11.869361,-6.615541,-7.674299,-2.3375132,LIDC-IDRI-0874_R_1.png
-13.213365,3.7903118,-13.034235,-12.036642,LIDC-IDRI-0875_R_2.png
6.024949,12.770898,31.114086,-9.282294,LIDC-IDRI-0879_R_1.png
20.62218,-9.706239,16.013517,12.467688,LIDC-IDRI-0879_R_8.png
12.280393,-5.0109663,12.261518,18.974922,LIDC-IDRI-0882_R_1.png
-27.883596,14.80361,-25.145676,3.4160545,LIDC-IDRI-0884_R_2.png
-18.964409,-11.889991,-11.355281,-7.083004,LIDC-IDRI-0888_R_1.png
-23.293165,10.77717,-12.27174,-10.087382,LIDC-IDRI-0890_R_3.png
-21.259624,15.697912,-25.35927,-15.560096,LIDC-IDRI-0893_R_2.png
18.46458,4.2555847,15.17878,3.7645876,LIDC-IDRI-0893_R_3.png
22.69331,-0.51332176,15.600653,18.10617,LIDC-IDRI-0894_R_5.png
-26.697395,-7.293992,-15.636215,-5.6369276,LIDC-IDRI-0896_R_1.png
-31.242271,-12.699783,-16.111725,4.3459883,LIDC-IDRI-0896_R_2.png
28.465143,4.20429,18.729023,5.2538605,LIDC-IDRI-0898_R_3.png
-0.608128,-4.8789034,3.8164415,10.618029,LIDC-IDRI-0902_R_1.png
-20.789766,3.049039,-16.832441,-7.470438,LIDC-IDRI-0905_R_1.png
34.40298,-2.940278,18.486305,-1.3737707,LIDC-IDRI-0906_R_2.png
9.926697,-10.581968,4.954847,1.8090748,LIDC-IDRI-0906_R_4.png
17.722822,-11.766402,9.62373,9.611171,LIDC-IDRI-0907_R_1.png
28.491533,4.8050523,17.225906,4.9907374,LIDC-IDRI-0907_R_3.png
8.448118,-11.303475,6.676454,1.559124,LIDC-IDRI-0908_R_1.png
-27.803988,20.309679,-23.355396,-18.79873,LIDC-IDRI-0911_R_1.png
36.309982,41.9563,33.35171,3.796478,LIDC-IDRI-0912_R_1.png
23.442019,-3.3601925,13.328959,-4.3841734,LIDC-IDRI-0912_R_2.png
0.017871665,-11.308699,-0.6628995,10.179109,LIDC-IDRI-0912_R_3.png
-21.498875,-8.181564,-19.59997,-20.697142,LIDC-IDRI-0912_R_5.png
32.472233,12.697841,21.045982,1.305815,LIDC-IDRI-0912_R_6.png
-1.5019047,-17.77529,2.0601246,9.190466,LIDC-IDRI-0913_R_1.png
-31.646198,10.112393,-21.298782,-1.7248088,LIDC-IDRI-0913_R_3.png
26.532877,20.08269,31.763613,-2.1018882,LIDC-IDRI-0914_R_1.png
-5.163106,-11.666025,-6.150464,-9.347896,LIDC-IDRI-0915_R_1.png
-4.439773,-10.707913,-6.02843,1.3471185,LIDC-IDRI-0916_R_1.png
1.7233936,-16.676512,-0.18317617,0.49453706,LIDC-IDRI-0916_R_3.png
-6.3463154,-10.20159,-5.4767094,3.2522342,LIDC-IDRI-0916_R_4.png
32.181744,-4.229563,16.051182,-2.9726243,LIDC-IDRI-0916_R_5.png
-7.425131,-13.511114,-6.629044,0.6389341,LIDC-IDRI-0916_R_8.png
22.24823,-6.940502,10.72093,7.3993564,LIDC-IDRI-0917_R_1.png
-16.661186,-8.609461,-5.4896092,-8.06769,LIDC-IDRI-0919_R_1.png
-21.092436,13.093743,-8.374225,-14.399794,LIDC-IDRI-0921_R_4.png
-16.088634,6.5445247,-8.950295,-18.914455,LIDC-IDRI-0921_R_5.png
-6.699114,-9.835252,-11.408052,-7.429635,LIDC-IDRI-0923_R_1.png
-8.7216,-8.912206,-10.294974,10.974684,LIDC-IDRI-0924_R_1.png
-24.050966,7.4029083,-15.499236,-10.319157,LIDC-IDRI-0925_R_1.png
26.936039,3.474281,16.858084,5.2087774,LIDC-IDRI-0928_R_1.png
36.6683,27.969328,32.68177,0.54713744,LIDC-IDRI-0929_R_1.png
10.340717,-15.055133,7.4959106,-0.39478108,LIDC-IDRI-0933_R_4.png
19.55,2.3524482,30.703995,-5.386739,LIDC-IDRI-0933_R_5.png
0.64507097,6.6795216,28.350554,-8.591382,LIDC-IDRI-0933_R_6.png
-34.026848,12.718337,-23.129908,10.293911,LIDC-IDRI-0936_R_1.png
-28.8229,15.741824,-26.023426,6.875863,LIDC-IDRI-0936_R_2.png
-28.07059,-9.793151,-18.433712,8.980365,LIDC-IDRI-0938_R_1.png
-22.015888,6.3325267,-16.175175,-16.732918,LIDC-IDRI-0939_R_3.png
-26.662895,-8.975576,-14.807848,6.7503886,LIDC-IDRI-0940_R_1.png
-30.789251,-7.500256,-16.489328,1.0761935,LIDC-IDRI-0941_R_1.png
-18.389894,23.98079,-12.084632,-12.962576,LIDC-IDRI-0942_R_1.png
0.3802496,3.465685,-3.3511183,-13.597011,LIDC-IDRI-0942_R_2.png
-4.49715,-15.636669,-3.749297,-0.8306374,LIDC-IDRI-0947_R_3.png
2.5122116,27.076792,32.610783,-10.571148,LIDC-IDRI-0951_R_1.png
5.4042687,-4.3510838,-9.896691,11.007936,LIDC-IDRI-0953_R_1.png
-9.8283,-10.353116,-0.49665302,-4.2816234,LIDC-IDRI-0956_R_1.png
7.0212135,1.605335,26.229342,-8.890562,LIDC-IDRI-0956_R_2.png
21.12412,15.259807,34.154064,-6.6837916,LIDC-IDRI-0956_R_3.png
15.273117,-10.778203,10.167227,7.5033894,LIDC-IDRI-0963_R_1.png
-30.096638,6.786101,-22.817194,-2.5172296,LIDC-IDRI-0965_R_1.png
38.22679,5.67282,19.945625,-2.8493874,LIDC-IDRI-0966_R_1.png
-12.289645,-9.544816,-3.2930071,0.8327941,LIDC-IDRI-0966_R_2.png
-29.390636,27.804644,-22.67779,-12.795363,LIDC-IDRI-0968_R_2.png
-2.4848402,-3.5444126,-9.699394,-13.948454,LIDC-IDRI-0973_R_1.png
6.5988317,-0.9214277,6.708042,-8.134677,LIDC-IDRI-0973_R_2.png
24.913399,-8.768409,20.781887,11.46239,LIDC-IDRI-0973_R_3.png
-22.35733,17.594183,-23.538706,-12.250978,LIDC-IDRI-0976_R_2.png
-3.7877746,-8.087317,-7.0244102,4.8493648,LIDC-IDRI-0978_R_2.png
-1.822727,-14.525938,0.89844644,-2.4295995,LIDC-IDRI-0978_R_5.png
6.88564,-12.832128,3.5617464,-5.96954,LIDC-IDRI-0982_R_1.png
13.965723,-13.440462,6.6923075,0.2958175,LIDC-IDRI-0984_R_1.png
2.638788,-9.563975,-2.5215116,3.3336823,LIDC-IDRI-0987_R_1.png
-11.155833,-12.881645,-13.941846,-0.7469046,LIDC-IDRI-0987_R_3.png
12.114569,-7.3803267,11.716052,5.643131,LIDC-IDRI-0990_R_1.png
32.587704,8.596435,17.265697,2.70964,LIDC-IDRI-0991_R_1.png
-7.4684772,-14.07452,-8.965488,-2.9870334,LIDC-IDRI-0994_R_2.png
-36.713367,14.060723,-21.685427,7.393163,LIDC-IDRI-0994_R_4.png
-43.155994,16.03545,-24.104431,-4.5250444,LIDC-IDRI-0994_R_5.png
-3.92012,-15.969264,-4.654539,11.358869,LIDC-IDRI-0997_R_4.png
27.517977,17.14664,30.433134,-2.5432417,LIDC-IDRI-0999_R_4.png
7.0796704,-14.113988,4.2217784,8.765771,LIDC-IDRI-1001_R_1.png
31.875504,3.277787,17.120533,0.07507194,LIDC-IDRI-1001_R_2.png
-21.94929,22.807133,-25.258362,-15.731641,LIDC-IDRI-1002_R_3.png
-7.591698,-9.495228,-12.03014,-8.575115,LIDC-IDRI-1002_R_4.png
-20.684347,-10.305295,-10.288891,6.998544,LIDC-IDRI-1003_R_3.png
-0.56108785,-13.155132,-8.726977,12.794804,LIDC-IDRI-1003_R_4.png
-25.587254,8.072247,-18.65999,-1.870151,LIDC-IDRI-1003_R_5.png
8.222063,-13.813555,-5.981906,14.841305,LIDC-IDRI-1003_R_6.png
27.950748,-0.3501996,19.67385,1.9803946,LIDC-IDRI-1004_R_1.png
-38.456173,11.039938,-22.585066,-3.0650086,LIDC-IDRI-1004_R_3.png
-22.36237,-7.9836416,-20.548899,2.8616679,LIDC-IDRI-1004_R_4.png
12.33457,-15.845533,3.1266882,11.802046,LIDC-IDRI-1005_R_5.png
11.223864,-9.421748,8.810735,7.3328724,LIDC-IDRI-1005_R_6.png
-2.3831377,-18.309658,3.853536,-3.8999183,LIDC-IDRI-1007_R_1.png
-25.42726,15.978302,-23.85047,-1.357051,LIDC-IDRI-1007_R_2.png
22.874756,-6.494766,12.4441805,3.5629857,LIDC-IDRI-1010_R_1.png
-31.568075,18.015394,-28.339724,-11.470043,LIDC-IDRI-1011_R_1.png
-32.698273,14.996234,-19.119444,-7.200481,LIDC-IDRI-1011_R_2.png
-30.640518,11.820179,-18.785318,-11.101605,LIDC-IDRI-1011_R_3.png
